{"cameraMode":{"drawMode":0,"name":"Shaded","section":"Shading Mode"},"sceneLighting":true,"audioPlay":false,"sceneViewState":{"m_AlwaysRefresh":false,"showFog":true,"showSkybox":true,"showFlares":true,"showImageEffects":true,"showParticleSystems":true,"showVisualEffectGraphs":true,"m_FxEnabled":true},"in2DMode":false,"pivot":{"x":28.156600952148439,"y":-10.945451736450196,"z":-13.058399200439454},"rotation":{"x":0.07085259258747101,"y":0.8632513284683228,"z":-0.12649941444396974,"w":0.48354706168174746},"size":36.428123474121097,"orthographic":false}